resid,wt_290K_mean,mut_290K_mean,wt_290K_err,mut_290K_err,wt_300K_mean,mut_300K_mean,wt_300K_err,mut_300K_err,wt_317K_mean,mut_317K_mean,wt_317K_err,mut_317K_err,wt_336K_mean,mut_336K_mean,wt_336K_err,mut_336K_err,wt_355K_mean,mut_355K_mean,wt_355K_err,mut_355K_err,wt_398K_mean,mut_398K_mean,wt_398K_err,mut_398K_err,wt_421K_mean,mut_421K_mean,wt_421K_err,mut_421K_err
4,2.5504858046770096,2.0317622646689415,0.22096425504308836,0.3389654088802778,3.391171768307686,2.4572648480534554,1.1696313901804962,0.6468388600224149,3.325253948569298,2.3591339215636253,1.666092099441706,0.14124001313547446,3.8345448300242424,2.362358942627907,1.4784627951960403,0.22809316217130077,5.552847571671009,3.4602640569210052,4.683444999341534,1.3850597149835306,3.9992885291576385,3.5935256257653236,1.7155620034903876,1.5162146088651762,6.366814896464348,3.919510319828987,4.095125484913308,1.3670069475557998
5,1.6096593253314495,1.29369605332613,0.46513659463695267,0.14024143480677817,2.146560922265053,1.6186217777431011,1.0989783703493,0.7139231916459011,2.2780578210949898,1.5462343208491802,1.3211711535144943,0.43011994192447944,2.249323558062315,1.6428080946207047,1.111260974253163,0.5628000959300521,4.143166486173868,2.288788463920355,4.337176641894314,1.2451897623134984,2.3874373361468315,2.368670701980591,1.390479233378695,1.4140090978115523,4.633117280900478,2.3563512414693832,3.798901697065969,0.9337601516312823
6,0.942043662071228,0.9554992988705635,0.3700466250752352,0.2668949205253687,1.3701418042182922,0.9234218019992113,0.6562139155697877,0.32757003702716625,1.531485915184021,0.9162821993231773,1.1397713349640484,0.28471493280409077,1.2573720794171095,0.9792530536651611,0.6565047212993775,0.37728517915247906,3.0869590677320957,1.4503489062190056,3.9109930807603193,0.8717829150722202,1.386736948043108,1.6512896493077278,0.8157146258413348,1.3192109675865493,3.3143239095807076,1.4458203129470348,3.3987494777053713,0.6443914241889739
7,0.6945642456412315,0.8613266609609127,0.14445874562584016,0.19814178276768624,1.054551200941205,0.8113079145550728,0.35183207156276297,0.1181519846987378,1.180823389440775,0.7945048622786999,0.7319613514581653,0.13744206501479111,0.906272791326046,0.8960080705583096,0.2492697269149885,0.2432383756590055,2.61332118883729,0.9021711442619562,3.3939921872155643,0.27734010333550524,1.0538510233163834,1.447658147662878,0.4552627178267108,1.1580067020339673,2.6493400521576405,0.9864856489002705,2.804849588895784,0.1653230542384188
8,0.5424506217241287,0.5949040222913027,0.0910182284041762,0.06971903146371915,0.7164059393107891,0.6109800096601248,0.22786132815075325,0.05571160300524163,0.9075467754155397,0.5877761635929346,0.5809668699491798,0.07679969996993123,0.8257170580327511,0.6400102097541094,0.3341824088491169,0.08967040099265279,2.1497830282896757,0.6693161092698574,2.8324929891225263,0.1843981250597303,0.8336794283241034,1.1948485393077135,0.3413360964905534,1.0202327091055865,2.1295071579515934,0.7428679522126913,2.2624147538051074,0.18987349951586838
9,0.5585083924233913,0.6446255650371313,0.09197285015553029,0.028923184161568347,0.668834624812007,0.7013566978275776,0.07253940965381245,0.07130322079575784,0.7942989934235811,0.7035189308226109,0.24403308705872728,0.092736796657485,0.6532539613544941,0.6509368121623993,0.1698702066467581,0.030817316500142414,1.906752334907651,0.7135607767850161,2.2910910591218263,0.0983330721889489,0.8770586736500263,1.2180493399500847,0.400070021600099,0.87895509716943,1.8791577219963074,0.8158438466489315,1.9246146736034875,0.1981919877278607
10,0.5521294753998518,0.4878459870815277,0.119835944460897,0.026354141314565153,0.6553568597882986,0.5453230999410152,0.13286469134196066,0.0840516223522207,0.6536050792783499,0.6072264444082975,0.1267349003622313,0.1509955949666276,0.6280152592808008,0.5842056311666965,0.1529880854639526,0.02318299237511217,1.5759212523698807,0.6420270819216967,1.7338673070174104,0.08923148722476584,0.8428400661796331,1.1270698625594378,0.37146678024245994,0.7171018831387541,1.618632823228836,0.821736603975296,1.45723725739008,0.1402389802434634
11,0.45416025444865227,0.31406418420374393,0.10182615662292346,0.01065735822838968,0.5016940087080002,0.34876263700425625,0.17076368525141628,0.0433263260454243,0.5109929107129574,0.43379560112953186,0.14086044187957086,0.11485421647877547,0.4847302194684744,0.42885190807282925,0.09222753320838932,0.02741244928928597,1.274632029235363,0.4628395661711693,1.3928128885517919,0.056575187606620045,0.7172736525535583,0.8205307461321354,0.25835938987315926,0.5119539648572167,1.3249616976827383,0.5813114810734987,0.9578286842347763,0.07133900234332585
12,0.5188150145113468,0.39481730200350285,0.10268134545508296,0.014461647700435811,0.5950403027236462,0.43198692612349987,0.16676099636283614,0.02801654314162906,0.6126470677554607,0.5570653080940247,0.10679524269061944,0.20855744342430643,0.6992108467966318,0.5754357576370239,0.13289298933483953,0.11173230063597905,1.2382722925394773,0.6123516149818897,0.9375877196631204,0.20122873520628293,0.960711482912302,1.0214639827609062,0.23948828628018065,0.5131765284981479,1.4046207442879677,0.8759766630828381,0.6461269568513445,0.0644226360925938
13,0.8402416296303272,0.5334412772208452,0.15157429107083004,0.03770372395295782,0.9246846660971642,0.5332681071013212,0.20044297745188358,0.04427184291853749,0.9222220070660114,0.6543333921581507,0.06059372614039027,0.16474512815093487,1.1459385603666306,0.6149565894156694,0.258016247379174,0.1007322650058938,1.3766038417816162,0.5934727657586336,0.704493274720777,0.06732133684984085,1.2367542274296284,0.9927460551261902,0.2740377499885691,0.5465934947725039,1.9227019511163235,0.7522804103791714,0.7718435208094219,0.046446111000309986
14,0.7091331761330366,0.5957112275063992,0.13995917628345173,0.028996835605101214,0.7417653780430555,0.5882830079644918,0.23604068188615174,0.02401246746966325,0.7689944002777338,0.6421255227178335,0.12930630749945926,0.13244873661873086,0.8027740567922592,0.6128682196140289,0.16142431529915696,0.09793089433775584,1.0085446387529373,0.5557733587920666,0.4281761884957108,0.023848807833576506,1.137636061757803,0.9706933982670307,0.3804715310312524,0.6108271322839537,1.9906926527619362,0.5874957982450724,0.7655228354529765,0.021159454934747565
15,0.742519274353981,1.1978688649833202,0.18011010193932062,0.09487188004347816,0.8211909327656031,1.1985773965716362,0.21874567613801757,0.08554313442730872,0.7964154332876205,1.176219368353486,0.13724703359891408,0.3224815700047925,0.8587311021983624,1.0439474321901798,0.17675515830919708,0.18485103814577267,1.087181018665433,0.952912662178278,0.46309271949313213,0.14407949186708993,1.4275511913001537,1.4166043512523174,0.6471756117337533,0.5897708129276749,2.4303224682807922,0.9653923287987709,0.8890995572782334,0.07398840494829886
16,0.7791685312986374,1.4603536203503609,0.10720601177603709,0.16984585518392042,1.0129928030073643,1.4948992431163788,0.26325411296442885,0.2731816223449299,0.9024949744343758,1.4285202510654926,0.2074010391537554,0.4092455695125196,0.8208150416612625,1.2433137744665146,0.10842545741698845,0.24708224720006255,1.2125835195183754,1.214110217988491,0.5378228492016255,0.23952556418087065,1.6589346714317799,1.6260837949812412,0.9378929202374264,0.5770679797709033,2.6589976623654366,1.1523973383009434,1.06054677106563,0.07778860165383483
17,1.1740931309759617,1.7971153557300568,0.23315276463269016,0.31410817811605185,1.5835388377308846,1.6044710576534271,0.39767301066425986,0.38459485636761354,1.408225353807211,1.9763009808957577,0.35491559550619034,0.714714714220855,1.1632735282182693,1.5090015903115273,0.19407103819739158,0.37190373770707336,1.5526828542351723,1.628743950277567,0.5693032207034512,0.42543676736092206,2.198535092175007,1.9887984544038773,1.2547834606435369,0.5247045332731355,3.1844529509544373,1.4685209468007088,1.2969900821376459,0.0796961417511394
18,1.3426421582698822,2.2856786474585533,0.3432938801940047,0.5207705491773313,1.9380301423370838,2.0496801659464836,0.6092742353019808,0.6693668930499819,1.7463701777160168,2.5977329909801483,0.5594775880457046,1.1357695618515864,1.3406807743012905,1.9155673123896122,0.27228258393871374,0.7427330260195335,1.7552276141941547,1.9495007768273354,0.6525276734550044,0.6575626786519062,2.526229228824377,2.3568951338529587,1.357148028316788,0.5761346809377391,3.7823867425322533,1.7194322124123573,1.5621715544745471,0.1128872403693134
19,0.9783017355948687,1.3661989755928516,0.39862082482055416,0.17019982048811153,1.366868605837226,1.2923547253012657,0.4945747830219678,0.25394955947119097,1.23617229051888,1.461203321814537,0.3913895343051222,0.568931175949109,0.9825579077005386,1.2872959859669209,0.29522097884991155,0.4622468265800772,1.2900126818567514,1.1422593332827091,0.5734711028824984,0.31110573953206405,1.6924112290143967,1.594814881682396,0.9934558185259921,0.5346881932097063,3.274972066283226,1.1077763140201569,1.8886269107874487,0.01324699506924315
20,0.8394302520900965,0.8898540213704109,0.3235602319350702,0.09811227011080241,0.9880057163536549,0.8541224896907806,0.4732643160056949,0.10063400236577999,0.9688707999885082,0.8696581795811653,0.3206605706687826,0.2046622638175981,0.8093882352113724,0.8007364440709352,0.2358750400309233,0.1623778292220988,0.9186151996254921,0.7425413466989994,0.4266206680203246,0.13601418781495433,1.0407319944351912,0.9643660858273506,0.5484954470194983,0.35648433627714426,2.470996007323265,0.671984851360321,1.713761023291811,0.03558076728095613
21,0.6250454392284155,0.62135836109519,0.154537561551108,0.0703890313219471,0.8014377020299435,0.6131772324442863,0.3922204733071847,0.04792527806025745,0.7489595469087362,0.6238086801022291,0.2013080625353322,0.06339003081661272,0.6310867890715599,0.6040819268673658,0.16423350652754637,0.047326209074502606,0.8025479316711426,0.5786273907870054,0.38634593742049284,0.03418419039583882,0.7442860212177038,0.7113431207835674,0.2514907703042233,0.16946031851164955,1.9689395371824503,0.5458249058574438,1.3461344028688575,0.036742114503493004
22,0.5202684737741947,0.3267095424234867,0.047218940132749264,0.020035839720415335,0.6958199571818113,0.32723925542086363,0.3034402874307487,0.038746412151138915,0.6147236842662096,0.37138900719583035,0.17930919250740776,0.025607252886233434,0.5516999773681164,0.37557845935225487,0.06813442555584229,0.02372546049218472,0.745506826788187,0.38252657279372215,0.33270893549595976,0.012981554815695344,0.6808695569634438,0.474548963829875,0.22829369806187344,0.09609504097821153,1.6104486584663391,0.39062450639903545,1.0165187305360517,0.022078948000329023
23,0.5017476063221693,0.3911986295133829,0.09330628574737142,0.013420808125180492,0.5594516731798649,0.40913064032793045,0.20795571548102684,0.021166797799889323,0.581118194386363,0.42073977179825306,0.12855000634552902,0.04409807351877278,0.5162721034139395,0.428920965641737,0.10171268459889704,0.006714950189512661,0.7423340994864702,0.457614753395319,0.3362480162911482,0.02506447401501779,0.6306775286793709,0.5241105519235134,0.1901027034604581,0.09948393880041434,1.1676199734210968,0.47593966126441956,0.6433364345071242,0.012334314197608932
24,0.46137011609971523,0.2913948055356741,0.18794114478051543,0.0051584315818521175,0.4573732800781727,0.2893325500190258,0.2251605620561775,0.02961770630351606,0.4898951295763254,0.30270138289779425,0.16175630891122533,0.010318142538360903,0.39899183437228203,0.2817381313070655,0.07247653223347209,0.0037905838223736164,0.6248704763129354,0.32537652645260096,0.36638684797834115,0.017137703719973422,0.4948236979544163,0.38516837637871504,0.16532026400722077,0.11847565897423791,0.9031163528561592,0.3360704705119133,0.5039370252694604,0.013748706532418315
25,0.4289420461282134,0.26458308566361666,0.1795241932015456,0.008406730939078441,0.4243347980082035,0.3071542829275131,0.17314506601951957,0.03979791692915051,0.4435419989749789,0.32446466851979494,0.15468625059488908,0.05203519657926265,0.3986272308975458,0.30997687485069036,0.12789533930133914,0.01635750167962933,0.5890153022482991,0.3261445788666606,0.4024145055582755,0.04580697922015056,0.4669252224266529,0.4239698825404048,0.19615254371483842,0.1400204601642121,0.6770214159041643,0.3626851784065366,0.3434754374959966,0.06977558732952244
26,0.5141431046649814,0.29091181699186563,0.2611438620734774,0.013321253937483908,0.47238731291145086,0.35208411049097776,0.16281451789921092,0.051616075786863905,0.4849287075921893,0.3317649383097887,0.16230808515956927,0.04781053396326221,0.465028821490705,0.31682029366493225,0.1853068601026085,0.014191894967181966,0.6255181692540646,0.33825812861323357,0.4649992934986594,0.06907361415517406,0.5232930602505803,0.4467528872191906,0.25408414491912207,0.15581571125644322,0.7205211743712425,0.3999554179608822,0.40675285030937763,0.08651477371704841
27,0.606697890907526,0.47171411104500294,0.17710887081874965,0.028749204862562463,0.5538527760654688,0.5119311530143023,0.13233952278677558,0.02346598936679676,0.6427935417741537,0.5145647190511227,0.19542118626019622,0.09314952306483537,0.8137228898704052,0.4948860965669155,0.39904532138714,0.0014299541505324383,0.7932791579514742,0.5350752826780081,0.6238174753413949,0.11773510979798903,0.7293861266225576,0.6672099139541388,0.38751273161943056,0.22520431860207668,0.941281272098422,0.6788420863449574,0.590996214959653,0.1860531107649131
28,0.7129816897213459,0.5752092693001032,0.1762161079522105,0.054148288536750515,0.6855777092278004,0.6028066575527191,0.2439681427416609,0.04725307274898443,0.8337954059243202,0.666315695270896,0.3006623214959041,0.13803014457155258,1.3900207169353962,0.6280484888702631,0.9014122514780012,0.02315078212030349,0.9776390437036753,0.7064087688922882,0.7870421530867006,0.18626924314907647,0.9681044518947601,0.8601884916424751,0.5950118678481602,0.2871446903651803,1.2402947898954153,0.9112600609660149,0.8126747773835785,0.3241867603638037
29,0.8781414944678545,0.8383014425635338,0.2854754352593637,0.24161203810369003,0.9649159386754036,0.7196973543614149,0.4201722530633977,0.16825047374610033,1.179365273565054,0.8845969568938017,0.6763250655678907,0.26292998075225754,2.0681777596473694,0.7740417867898941,1.5787868054333967,0.06512136616906182,1.4279209915548563,1.037241518497467,1.197938735933689,0.4652307650853266,1.3511989451944828,1.1414040438830853,0.9834227611557855,0.48183525140607975,1.5902522392570972,1.1923840455710888,0.9937982651406979,0.5344990006200059
30,0.8505722042173147,0.6360929645597935,0.3061801988333631,0.23621218870640306,0.9562804456800222,0.5507231503725052,0.4668351023714078,0.1288503295821268,0.9748387802392244,0.7167240139096975,0.6029583331593121,0.18078882917215436,1.8902722001075745,0.6542416848242283,1.4687974063295364,0.05996605006645229,1.3393205776810646,0.793083980679512,1.1050070358999045,0.32048731654166496,1.3027115724980831,0.9917052555829287,0.9454881769572643,0.43090058424804967,1.5556956082582474,1.0267510265111923,0.9888864802969015,0.3583115363382989
31,0.9710526000708342,0.6430450454354286,0.4353357254974924,0.1869403344277814,1.0740183480083942,0.6141541805118322,0.5053513000490447,0.16700444474350434,1.0472278576344252,0.7488747220486403,0.6529363765143338,0.19448605817195527,1.5511161740869284,0.6845102645456791,0.969237020176922,0.13112592235659012,1.3312300201505423,0.7991385832428932,1.0052078176379207,0.32668515670178044,1.3174962066113949,1.0527068842202425,0.8959440218765259,0.4767125727311643,1.6638215072453022,1.0399705730378628,1.0395318663192834,0.2876211577605669
32,1.0898251831531525,0.5907827243208885,0.662943326549391,0.1314940023897643,1.0030943993479013,0.6364912912249565,0.5244159731660352,0.19085261609138315,1.0868253093212843,0.7633968070149422,0.7088329958806466,0.38486429944517264,1.1613438744097948,0.6552284862846136,0.6814760767673305,0.2681226332823756,1.245475998148322,0.7299418561160564,0.8480082642470731,0.3031557792899163,1.0641249548643827,0.9241236187517643,0.6851140197582659,0.5007015584827224,1.5853049419820309,0.7271271385252476,1.1484296641828964,0.2179723129596481
33,1.0412332974374294,0.7267257012426853,0.5656184401558996,0.21344039769976036,1.0001703724265099,0.7480852119624615,0.49969048380344916,0.2329691949813011,1.12653031013906,0.8046142756938934,0.5673982023536827,0.32039752027609747,1.1684400867670774,0.78675901517272,0.6353709873481166,0.32873666650019556,1.1555658094584942,0.8170915115624666,0.7207111240989105,0.3429260041005438,0.9778184909373522,0.9543233271688223,0.48688262479049094,0.5269389436056422,1.6183945536613464,0.8238152414560318,1.0976348236549551,0.3268332662183118
34,1.0082668159157038,0.5029188841581345,0.5537111708877842,0.10356567426912977,0.9055005665868521,0.5669379886239767,0.49333416267104535,0.16156731377155664,0.8873333595693111,0.5800015665590763,0.48148695436126054,0.18549370131556334,0.9879312664270401,0.6221092492341995,0.546634205480671,0.26037848130627816,1.017039818689227,0.5698838550597429,0.6922980373299319,0.2025991993175018,0.8369065169245005,0.6459214352071285,0.40284509516154227,0.31460655179052666,1.5171796083450317,0.5467293038964272,1.0599785697528603,0.15533333450556377
35,0.6736152619123459,0.33770575653761625,0.410588018782943,0.06628149035318148,0.75956872664392,0.32441104762256145,0.4769077662000456,0.0505062444382947,0.6522770132869482,0.3287474298849702,0.40756727331498055,0.0472201119468308,0.7334303017705679,0.3598610870540142,0.4816014515026909,0.10828552565517702,0.7537025026977062,0.36132005974650383,0.5622731701322565,0.08497587971504696,0.6393185444176197,0.4353855736553669,0.3538233667046215,0.22796809414092395,1.23821965418756,0.392463281750679,0.9433649428188513,0.07787337896245547
36,0.7018613209947944,0.28450632002204657,0.45001459532226445,0.07740064081364256,0.8761477563530207,0.2703504264354706,0.6111405019723062,0.04286418194353714,0.7990060094743967,0.2908504940569401,0.7278283974596591,0.03656646460287231,0.9062301740050316,0.29915315099060535,0.6492752508206332,0.07589617863805262,0.7576453359797597,0.3079308895394206,0.6316137930290302,0.05468917161143775,0.5957950511947274,0.417758054099977,0.339899949489733,0.23170011254480305,1.13142394926399,0.34566338639706373,0.8497842798572175,0.05540111891052537
37,0.514676715247333,0.21625165827572346,0.22675232842807658,0.02848507429848242,0.6023947987705469,0.2325073815882206,0.3071278480319412,0.028941024119540096,0.5684176739305258,0.26368708815425634,0.2293359421276156,0.037062496127833335,0.5130367912352085,0.27125281747430563,0.2076601775301785,0.058309261670585685,0.5848814267665148,0.26293478440493345,0.36327698189691887,0.038510644901285716,0.5958987446501851,0.3978521144017577,0.29486011910242493,0.2319527718747336,1.291291993111372,0.3030648687854409,0.9478731238886653,0.040897977950098655
38,0.4876889754086733,0.2106223488226533,0.24190543165816897,0.013870576981530675,0.577122294344008,0.22966723889112473,0.3228568738635326,0.012213938540396662,0.5650694668292999,0.25065543595701456,0.26615132212586146,0.018006908939535948,0.4915767442435026,0.2802170440554619,0.23126509232899728,0.03768614454902926,0.6170418672263622,0.28906478080898523,0.47482223261107653,0.03549101142849408,0.6386948702856898,0.4302801936864853,0.3349494626468075,0.2328182526051209,1.1871948279440403,0.33855647314339876,0.8470557928554058,0.04255910021420991
39,0.5077014211565256,0.3764753043651581,0.19677835271242478,0.032352173866395655,0.5729586165398359,0.3606179915368557,0.28905522105672277,0.02525255265948264,0.6297783181071281,0.3801110852509737,0.3026960841648314,0.0319003613725639,0.5874940659850836,0.4084855131804943,0.23542779190396806,0.09214718972391092,0.7108093798160553,0.4082921892404556,0.5182460144685868,0.048828240996709904,0.7330010924488306,0.5774224922060966,0.3270132707585352,0.2638829459568966,1.4287003129720688,0.4497688915580511,0.976337588103628,0.03737239309604339
40,0.6215804722160101,0.39266863837838173,0.20070812740722577,0.031505928047550466,0.7124491408467293,0.3887072019279003,0.33750453753586573,0.043576515225879714,0.7642874401062727,0.49773504957556725,0.3796796418586595,0.1467597459536329,0.8990384824573994,0.41099246591329575,0.41914424792670224,0.042734930211184095,0.8230350073426962,0.5375518463551998,0.48938777318237253,0.1173511183774712,1.1407842207700014,0.9282685816287994,0.6226556768310859,0.2234349859997831,2.0197597425431013,0.8702561631798744,1.2894685210490866,0.18244362331162445
41,0.8696900680661201,0.530330715700984,0.23469350085436647,0.041789798059268135,1.3028805796056986,0.560416467487812,0.803520252395237,0.05723066481788317,0.9840804245322943,0.774224940687418,0.3116538666256623,0.23622848357704918,1.3652397319674492,0.6006179191172123,0.6865521536873943,0.01808341780307246,1.1802832130342722,0.8917293138802052,0.568015979783189,0.17962762123116344,1.7553145252168179,1.558014191687107,0.9944381003841241,0.20525953943431774,2.8996880911290646,1.5417751856148243,1.7487238628216728,0.35445395230365395
42,1.5066894330084324,1.0563493147492409,0.2930332745117989,0.14555151268446487,2.288345955312252,0.987124964594841,1.2050819268050734,0.10933465865517981,1.7584219947457314,1.3132518902420998,0.43927900548840604,0.3234574561234393,2.580740414559841,1.027115136384964,1.400189559392918,0.06728717704202153,2.0680968835949898,1.382749993354082,0.940558562210515,0.3297988913658938,2.9824693500995636,2.3013198748230934,1.6693726253097148,0.22167264440154263,4.117303676903248,2.3535359650850296,2.2219640335932134,0.5412835445981466
43,1.2634741514921188,1.7488350346684456,0.22546896551194912,0.129745474440388,2.252500746399164,1.9296755641698837,1.3202099918891648,0.12748543295127757,1.6787339374423027,2.0730584859848022,0.3207522331091659,0.21616029620569643,2.7937262132763863,1.9275403767824173,1.6607164949657838,0.09799819489374753,2.4524737522006035,2.443044073879719,1.1281320334250937,0.2856959668912278,3.4896642714738846,3.035871982574463,1.685395428062901,0.1391390655744099,4.219892248511314,3.092772662639618,2.0447831821937443,0.4420540113643518
44,0.9948281012475491,1.0342305153608322,0.13349140323942277,0.08609247923870704,2.0218972489237785,1.1549925431609154,1.488318937726949,0.08619580573815813,1.4860958606004715,1.2924882024526596,0.5301153143059915,0.2057508464160298,2.414195705205202,1.1901801452040672,1.5361528763524244,0.09007515769302271,2.0509688928723335,1.7767218500375748,1.1611342990206417,0.45553398313787685,3.2019839249551296,2.368793971836567,1.9981481929860307,0.1958541999471498,3.866547979414463,2.659967727959156,2.1551258186517934,0.772214983855712
45,0.9810915030539036,0.786046851426363,0.261168307946805,0.0736072900830392,2.090270845219493,0.8634441904723644,1.5367807936649327,0.04928720913724921,1.3693083636462688,1.0618123225867748,0.5483774303779184,0.24463131541401756,2.1613058261573315,0.9333623759448528,1.308546024753106,0.0644751330105177,1.582696344703436,1.3744278624653816,0.8528098155869532,0.16103819369309108,2.643194105476141,1.900879256427288,1.6105610825546095,0.2580742729099062,3.1755423173308372,1.9064898043870926,1.8655336995212686,0.26642584554852133
46,1.0628335922956467,0.611759340390563,0.4441017918121917,0.04272135664425132,2.2280416544526815,0.6193171534687281,1.7045697906997461,0.04523060919117163,1.2080814875662327,0.6933083292096853,0.639699361116228,0.11126252937028824,2.0672850403934717,0.7153583131730556,1.4108283396990533,0.032079062777501194,1.701580872759223,0.8497210405766964,1.0855924972044542,0.038383787003154604,2.135249227285385,1.0468501038849354,1.4147125588997622,0.27920667113590764,2.4891002476215363,0.9817936643958092,1.9348409350808284,0.09696799668243233
47,1.0342100821435452,0.5391333904117346,0.5555978244570738,0.05702351551546334,2.0229640882462263,0.5000685155391693,1.644732140915387,0.04081773893098624,1.116334991529584,0.5155367404222488,0.7515202926144955,0.0325933445339006,1.6851015388965607,0.5539078544825315,1.1508965449020043,0.05815012286834461,1.473778085783124,0.5474982690066099,1.1104754420074125,0.047034286803053806,1.8259752355515957,0.6696628872305155,1.2783436398356454,0.21360875363218818,2.3498883564025164,0.5667775683104992,1.8210234685621982,0.05024030457189125
48,1.301210606470704,0.5068260617554188,0.8001041707535679,0.06174190301771625,1.8986597750335932,0.46587624587118626,1.4031630585131627,0.036411808731118836,1.1279782839119434,0.468813581392169,0.7285218148776316,0.03690792834738684,1.622819397598505,0.4886571317911148,1.1179928431666128,0.03415058805934826,1.6088489070534706,0.47920990735292435,1.207188837737623,0.04015400769738955,1.4131033699959517,0.5891705863177776,0.8747871766590272,0.18416385756668036,1.9664043188095093,0.5149774998426437,1.3994768034602845,0.03198512607580469
49,1.37166453525424,0.29271775856614113,0.9063293821443956,0.026683135963984042,1.8269296362996101,0.2745760139077902,1.3721847541068624,0.043112381366086514,1.057830322533846,0.28786023147404194,0.729314133389559,0.03189448625303779,1.4322224631905556,0.3049398399889469,1.0083286362713948,0.007727638823008516,1.5401391126215458,0.3203159151598811,1.178621526802572,0.015953298414970774,1.2135133892297745,0.45473081059753895,0.8902946807590162,0.18936830626007875,2.2492274548858404,0.4076025169342756,1.792489717567785,0.05292663393092421
50,1.451691696420312,0.277130133472383,0.9450599985411706,0.029069113467558277,2.0068332832306623,0.26701596565544605,1.5635931934321514,0.028657955240477415,1.1497418768703938,0.29414402320981026,0.7937372957547404,0.016704243069500163,1.4411352295428514,0.2939084265381098,0.9791736560524882,0.012270633289108705,1.867051124572754,0.32362685538828373,1.4094175407107459,0.025193785978108608,1.3271020539104939,0.4461923148483038,1.1172476223403898,0.19611890805900828,2.3059074487537146,0.39117184467613697,1.924506785996539,0.029199205002389154
51,1.3458290230482817,0.29598639346659184,0.8212146758348804,0.05704195635493171,1.6143829096108675,0.2999848360195756,1.3800442712996253,0.018006531128884402,0.9854774177074432,0.31402877531945705,0.5777328240984075,0.01763899023942038,1.104417610913515,0.31393682584166527,0.6709775390169783,0.02792946257532151,1.6007796116173267,0.3498762473464012,1.2786452420698289,0.04795258691856329,1.3718332443386316,0.4730850178748369,1.1886254427417624,0.1991657942105177,2.1939618699252605,0.43344507925212383,2.1264101920740055,0.029477247357889806
52,1.4953358843922615,0.31481359619647264,1.1883711361901064,0.08898776185395815,1.4710137899965048,0.29328362084925175,1.6760080596470248,0.0268226252367506,0.9438038663938642,0.3095209365710616,0.7528522938353273,0.02144021928963886,0.9649092191830277,0.3224901668727398,0.8063392646867701,0.06791200307531624,1.4234369760379195,0.3598301764577627,1.4806323070562957,0.07845610003427667,1.4421588787809014,0.4760765377432108,1.3845349717731439,0.21614367320854297,2.2387555800378323,0.4897668119519949,2.4174389945374344,0.12172726274203273
53,1.7628082819283009,0.5999179277569056,1.3308637595637898,0.2167330871203766,1.5648419968783855,0.5437658075243235,1.556918140775044,0.09992674731539608,1.277440395206213,0.5866155307739973,0.7754928265297281,0.1403903383388277,1.2700951751321554,0.6115015223622322,0.806819518712495,0.19789908631353062,1.6898870095610619,0.6781304255127907,1.5596994790836787,0.3029062620920948,1.8893906194716692,0.7995092403143644,1.569144839006925,0.4045448192024956,2.9324599727988243,0.8668345492333174,2.9407605518833435,0.3649869048430104
54,2.6741700246930122,0.8059011958539486,2.020569521542027,0.3653333342948163,2.1770726051181555,0.6782615091651678,1.993476252726045,0.16684416463603102,2.027804935351014,0.8100631274282932,1.0855978337376948,0.2526939184877497,1.9321188796311617,0.7799898274242878,1.3064173763534102,0.2351432051327834,2.2267016861587763,1.115028578788042,1.8383901762130839,0.737141552349876,2.4818038940429688,1.1675550416111946,1.890354301890842,0.5948710656983347,4.2418173514306545,1.289545688778162,3.9003066608250707,0.6995531276830924
55,2.203237097710371,0.9713512845337391,1.4210907262985453,0.3488435535330715,1.9604404270648956,0.869281217455864,1.5407840143521436,0.17658645074451196,2.0681757293641567,0.9632302448153496,0.7814944934210706,0.2481003230492321,1.646702829748392,0.9689835458993912,0.854454158498134,0.27726418531595387,2.1904831007122993,1.3958092406392097,1.5506481954692015,0.7212771227061489,2.3468925431370735,1.3738751970231533,1.704479390915031,0.5071709877476562,4.550926182419062,1.4698231033980846,4.173164021297902,0.4357651675234947
56,2.241702377796173,0.9017250128090382,1.5293546946205272,0.2225912945074035,2.077675713226199,0.8006352931261063,1.6821628537397448,0.07519698723372116,2.3627058044075966,0.945499911904335,1.1772293721989526,0.2380519588914034,1.5868964977562428,0.8212311379611492,0.9399787759042724,0.15973146547773875,2.083646170794964,1.5815402008593082,1.3479044363631008,0.8696678558201327,2.288432829082012,1.3611327856779099,1.7755875467074935,0.551568713799764,4.215185642242432,1.4605585299432278,3.7302633207421154,0.3641531015059283
57,1.8471540790051222,0.9879116714000702,1.2660987656830711,0.4736413994991745,1.90318051725626,0.6806229799985886,1.4264474094496473,0.07999312691044648,2.088859975337982,0.8297126553952694,1.109520192812461,0.14062124007958057,1.624657390639186,0.7544227503240108,0.9961063598487058,0.16533218410997613,2.0990896224975586,1.461260188370943,1.4052139790852036,0.7248124046137066,2.4119482934474945,1.2713046558201313,1.8816854828786247,0.6332155319473343,3.4916095063090324,1.5206718817353249,2.927327429819933,0.3669806181631172
58,1.2614871840924025,0.6530634593218565,0.8461720251834547,0.24721570941694904,1.509261354804039,0.5078913271427155,1.2934936535333406,0.07224471821576572,1.4639994129538536,0.5515787471085787,0.9715109417626204,0.07361036398359128,1.207195706665516,0.5611560586839914,0.7935753452838326,0.14770316749890217,1.7532508727163076,0.8253925293684006,1.3789382622690007,0.38740140114101124,1.7047365568578243,0.8524387795478106,1.2828738260217163,0.3773217634079928,2.3846931476145983,0.9645961411297321,2.204440647335664,0.21843734024657366
59,1.2117332126945257,0.4889184981584549,0.6828799219149442,0.08496347099170473,1.5181516949087381,0.4435707163065672,1.2963187803056064,0.0383537885048561,1.3445339258760214,0.4487243201583624,1.0064877218200876,0.041812532299830577,1.2078648246824741,0.45344716869294643,0.754657582254843,0.01987699776493177,1.5920144226402044,0.6309384200721979,1.2626606012331614,0.23763797646096207,1.197537425905466,0.68840560503304,0.7240957730658903,0.26351809644657337,2.0306050963699818,0.7751317135989666,1.8294397023516786,0.12111805228620169
60,0.9961646236479282,0.4342453181743622,0.328494006454242,0.046780613753498484,1.5165737457573414,0.41714723221957684,1.0002257647049784,0.040474547574926516,1.3993809279054403,0.40397261269390583,0.9480100494674343,0.06181783808442608,1.1737865023314953,0.40805875323712826,0.594459835655652,0.033476935653693016,1.4073814265429974,0.4966124426573515,0.8534005197610675,0.12119365816147533,1.204755511134863,0.5750225204974413,0.6186742368289332,0.19633518152223334,1.8035901430994272,0.5916354153305292,1.2285666974576073,0.054187792765323234
61,1.0978992842137814,0.5322386510670185,0.5275164582102982,0.056865415368968414,1.5754714235663414,0.5131695326417685,1.0470198033660407,0.052136685120426664,1.7336412239819765,0.510438047349453,1.3897849963076911,0.07033019498048379,1.2327298615127802,0.5151871405541897,0.6711416868444988,0.019191194033183943,1.1697131767868996,0.5745162349194288,0.6541200475000046,0.11006373428416619,1.2634923681616783,0.6378388684242964,0.6739882228454441,0.1273347955785039,1.6051671374589205,0.6372524332255125,1.0134523854884228,0.033847569287693426
62,1.1982797645032406,0.5506206676363945,0.7133836465449593,0.048044861585677175,1.668792748823762,0.5477339122444391,1.1982867875716137,0.04423094809518285,1.8721830751746893,0.5178005155175924,1.6004806000954552,0.08492424275894847,1.3337981514632702,0.5345291551202536,0.8526950358625142,0.010845579964342806,1.4022263512015343,0.5815990269184113,0.8918655350527473,0.10658490059101579,1.5003870893269777,0.6534622330218554,1.040195681666088,0.12872276778895064,1.8634273018687963,0.6493917107582092,1.3138492156276365,0.04358370192297393
63,1.48306492716074,0.5903920438140631,0.9855568234125172,0.023927717261689165,2.113356813788414,0.6123535241931677,1.6033356184132164,0.03244023328400779,2.033726843073964,0.6088399700820446,1.6954675508000618,0.03704483979699747,1.5802629571408033,0.6221061293035746,1.097973684532256,0.026182678146757368,1.8574040289968252,0.7521394453942776,1.2724720083332897,0.20005859301462253,1.8877222016453743,0.8486688509583473,1.3039109452879762,0.14390331823164307,2.373313009738922,0.9211191348731518,1.7481986300575183,0.0928572860580679
64,1.3909136224538088,0.8329323492944241,0.8301212648072096,0.031478143250425576,1.8206856679171324,0.8453739248216152,1.2767408742433164,0.04855033356563197,1.930107306689024,0.8925134316086769,1.6246241499924978,0.03698625876965423,1.5953106712549925,0.8944244869053364,1.0751949776067677,0.11383717191998172,1.785566471517086,1.1282708123326302,1.1711019469645003,0.32023189227966453,2.1685315296053886,1.1577586270868778,1.530001779323422,0.08021958781648582,2.6854957081377506,1.2925001978874207,2.0669120032909234,0.12237108012344707
65,0.8314199186861515,0.48918258398771286,0.3976109375699002,0.039302079978023874,1.0298362001776695,0.4866081662476063,0.6196529501016994,0.0434469001714197,1.3241417985409498,0.6236709468066692,1.055109358382102,0.09717558552494683,1.155246589332819,0.6353797763586044,0.8093594109728585,0.09769356477478315,1.0104562062770128,0.931536303833127,0.5062038665366859,0.4435401083197755,1.4957645162940025,0.8741671591997147,1.0019884621635124,0.08197090662656371,2.1746466401964426,0.9917492419481277,1.6766273036223747,0.09300936579566918
66,1.095524374395609,0.517929894849658,0.32761078797717635,0.03267705741679354,1.4853511657565832,0.5160125810652971,0.7605301383090467,0.05146352067328849,1.2721534352749586,0.7359611429274082,0.6358394907442688,0.19228568145856506,1.2379898317158222,0.7678312249481678,0.7997577273171214,0.09782215874464317,1.3478540070354939,1.0954965464770794,0.6472419166543717,0.49888553134161157,1.320960745215416,0.966634713113308,0.6285589837569125,0.081090103536349,2.288435250520706,1.131132561713457,1.5906349915262763,0.07550692699452052
67,1.073412448167801,0.45654091984033585,0.39585968404745536,0.037628820931905144,1.4441538136452436,0.4954216070473194,0.9082813661921679,0.06447754952231319,1.0165638569742441,0.6596656702458858,0.35784681394743945,0.1991377763863676,1.0590115189552307,0.7523410022258759,0.4907950026103525,0.1317510064584222,1.268385834991932,0.8936663903295994,0.6715534150187914,0.21631196736725214,1.1951023899018764,0.985084529966116,0.6946267422443602,0.05718556037453973,1.9745327811688185,1.049952320754528,1.560228603518786,0.05540831176119297
68,0.7204884104430676,0.391932874917984,0.3517586230280831,0.009378272668208778,0.8043914940208197,0.4252689890563488,0.47986324471001895,0.04926016042288317,0.7867649104446173,0.5671234056353569,0.4697317108637517,0.12608923096485117,0.8171335887163877,0.6153103429824114,0.43541687701738524,0.1119246938444212,0.9247282985597849,0.7207994349300861,0.6130885366565607,0.1372254999215582,0.9732849802821875,0.829051174223423,0.6189162466313914,0.012771715562693475,1.5680634044110775,0.83546357229352,1.107094398459019,0.041675546170177734
69,1.0824733972549438,0.37156354635953903,0.2037976047001469,0.02567871060042004,1.1089135333895683,0.3613177686929703,0.30031021891052184,0.005912963874258199,1.0949046909809113,0.398902827873826,0.3927906342892696,0.017169422184339023,1.1870390735566616,0.3827050235122442,0.3840904689557189,0.039104664696523087,1.2267621140927076,0.46617671847343445,0.6304259703815795,0.06507734035839315,1.2635426223278046,0.523339007049799,0.5272584416587801,0.05124255510260223,1.3283858448266983,0.5975995305925608,0.5420262930941061,0.08671513060038007
70,1.0594390518963337,0.3359671123325825,0.14976263551305288,0.01520812768177154,1.1037462577223778,0.32426667865365744,0.1836130447973344,0.025538595323949944,1.0925803892314434,0.330466884188354,0.26713418871837363,0.02338949110854792,1.0931279882788658,0.3123403852805495,0.1911628121012202,0.016896084413886073,1.2254992872476578,0.3553443681448698,0.519267734965393,0.03077219977239392,1.1773990467190742,0.3947769198566675,0.3308449242575639,0.08565386101204236,1.3853408209979534,0.4326268006116152,0.5446363490137562,0.06474186308538513
71,0.8034049533307552,0.3841355349868536,0.18103194523869143,0.030007205611950295,0.8760637696832418,0.36707187071442604,0.27136136038709135,0.03857177370270553,0.8827502373605967,0.36158012226223946,0.24601586988585744,0.041939993928605174,0.8202958758920431,0.3516341559588909,0.19550837209423147,0.024631081684868973,1.0134393814951181,0.3793974593281746,0.4807652599545136,0.026647395946852843,0.9233928937464952,0.46616842970252037,0.29848619933872417,0.16284099717672162,1.2767719849944115,0.4636246897280216,0.6511999757562092,0.06713637556282613
72,0.6564403604716063,0.4911842755973339,0.23695653167484082,0.04210321203118414,0.7140469085425138,0.4849699605256319,0.3178203232894886,0.059589967816918894,0.708276079967618,0.46754004433751106,0.2228625138712782,0.04975302574790012,0.7523091789335012,0.4265562351793051,0.29506992977383883,0.0278544602942066,0.7525691110640764,0.4589837323874235,0.36014453030817883,0.047633236928359544,0.7917169854044914,0.566179882735014,0.4192046882179473,0.23966930850314952,1.488882564008236,0.5611506476998329,0.9818177077270961,0.10348393043721428
73,0.702467504888773,0.5405645072460175,0.34164138580955894,0.07603738286301434,0.8189308177679777,0.48743942752480507,0.4025532847782618,0.06886651291388479,0.6983199715614319,0.6123253051191568,0.2834024747110888,0.1581019610062022,1.064077578485012,0.4906891752034426,0.6079091693717966,0.04103271667297758,0.7608477305620909,0.5465614795684814,0.44030703193513654,0.05405870199960829,1.0454125329852104,0.7180468644946814,0.7064160798742236,0.3142102153935338,1.6957920417189598,0.8493849076330662,1.1632797653823697,0.11495824755932262
74,1.03246976621449,0.6488177087157965,0.5411836345418197,0.07658797929953029,1.0668670572340488,0.629081018269062,0.6396401343761188,0.10356505089693283,0.8963235653936863,0.9305573999881744,0.25997224195684226,0.37613829781184094,1.5223533380776644,0.7013773825019598,1.0563351086990147,0.13973430288237834,1.000982215628028,0.7203568145632744,0.7427532499828849,0.10659145117520122,1.4238428138196468,0.9614092204719782,0.9235763130365471,0.3784831457768117,2.136175502091646,1.3806593045592308,1.4514558450862842,0.20642713082838998
75,1.756382491439581,0.8739836327731609,0.8536696047401061,0.11139527818729192,1.5335127152502537,0.9599504247307777,1.0646240525855482,0.31252262840849315,1.4514334872364998,1.368363630026579,0.21946700165098199,0.6389579282663351,2.3748550936579704,1.1536022648215294,1.74665845787475,0.2931769489191658,1.5915528684854507,1.0978037677705288,1.288385009362972,0.27779846316191154,2.0816774293780327,1.428921427577734,1.2613811769403553,0.5327526695960645,2.632184699177742,1.8929019197821617,1.4844881838423567,0.18265764116781308
76,1.384776420891285,0.8552886359393597,0.6349024538728838,0.06897041929866715,1.4976762793958187,0.8369902335107327,0.9748762947991974,0.06721288734387183,1.1400115303695202,1.2061846442520618,0.2436986620814714,0.5242338862869621,2.073533106595278,0.9892403706908226,1.3463133319749643,0.10866817549311833,1.4969565346837044,0.9983406774699688,1.0442369788943457,0.05721449325200082,1.8207777850329876,1.2807605601847172,1.0442716764374365,0.35122402137751557,2.4150422774255276,1.7855163291096687,1.3504960064111518,0.29868720240694013
77,1.0727642849087715,0.7250928692519665,0.4584342409722585,0.053637170434139785,1.1150964349508286,0.7707519829273224,0.6375761243964997,0.05058388762965348,1.0136203095316887,0.9695940930396318,0.12479168395150404,0.2789978940213105,1.4712092466652393,0.9606399945914745,0.7892868455344565,0.2285225578634925,1.1491857469081879,0.875307247042656,0.7555381021221487,0.06741089557699814,1.568826101720333,1.1246670223772526,0.652617796606988,0.2135558179452696,2.2186145558953285,1.7107175290584564,1.0946004367157696,0.1865371519146592
78,1.134412083774805,0.5754242558032274,0.5577483664090874,0.06488302916371924,0.9311515372246504,0.5968553572893143,0.6120335387718399,0.03725590440986032,0.772910937666893,0.7456728350371122,0.15837779214092634,0.2511300381066052,1.3225487247109413,0.6503215990960598,0.7781483036709302,0.06976180159044205,1.0420933552086353,0.6790729332715273,0.8594316810628522,0.13186736977642968,1.1345325596630573,0.8130744472146034,0.724592403430627,0.15939819090113827,1.7485046572983265,1.0054522007703781,1.0693423269104498,0.1611055132503006
79,0.7074091956019402,0.4240254871547222,0.449992719927367,0.05362275216106875,0.6673259753733873,0.42660887353122234,0.3354114470924863,0.043023291452961646,0.5869120638817549,0.4847375210374594,0.1873173650389676,0.12488407121651579,0.761632276698947,0.41259896010160446,0.38437226540412295,0.06123177719873723,0.6992128677666187,0.4275091830641031,0.5538097104437414,0.03948657976604915,0.7452157698571682,0.5617936514317989,0.44992040470039857,0.16335685253329257,1.3864330295473337,0.6411675736308098,0.9472287986373673,0.08636765942340681
80,0.5449612252414227,0.3245527623221278,0.3305219020497829,0.04052901280204009,0.5100504821166396,0.3196039982140064,0.20581225698070438,0.036181566544721586,0.5160504300147295,0.3225840022787452,0.1938332932672894,0.02726776532081468,0.50373041536659,0.2896300470456481,0.19208429420840553,0.01920495118293343,0.628730421885848,0.31402627006173134,0.45701262974130785,0.025078615676539743,0.5526396539062262,0.40098334662616253,0.2985082511639655,0.12468512547005117,1.1739815399050713,0.3896771278232336,0.8777255548559897,0.03766780979768662
81,0.5487467627972364,0.34373898524791,0.21786322476843623,0.02190039523362005,0.568342125043273,0.340175973251462,0.23193724990187375,0.034429682140987,0.6235964316874743,0.3171848552301526,0.20694997780663635,0.022906877247520704,0.501333586871624,0.29900563415139914,0.1347653671942594,0.012646900261059513,0.6856040842831135,0.32272394746541977,0.39390046118043076,0.02180800163833957,0.5849383119493723,0.38324236404150724,0.21501705637534663,0.12244997607290664,1.1813046596944332,0.34923652186989784,0.7750682177976477,0.03231949222747722
82,0.5481950100511312,0.28561729472130537,0.16443020252268997,0.014912083822969794,0.6330814119428396,0.28392336796969175,0.28464802592253713,0.020488283090729364,0.6576164532452822,0.3014266397804022,0.21507002824995575,0.00834501801226954,0.5324186570942402,0.27416682336479425,0.13671442675481904,0.0028741480171863626,0.7380333915352821,0.2993010077625513,0.4397376038938281,0.021777343830433376,0.6289727706462145,0.352228507399559,0.22432463090474658,0.09159358244468935,0.9469509217888117,0.3228552546352148,0.4748286966965714,0.026122877708627586
83,0.6553605664521456,0.36429068073630333,0.1447784767064472,0.011805853675796767,0.7972261682152748,0.3593776095658541,0.3247120327201858,0.01961636900169081,0.7192080561071634,0.3360066097229719,0.28046456311116746,0.03017866905164148,0.6265440210700035,0.3137429244816303,0.12656073444536198,0.01043746770923239,0.8058287110179663,0.34384222235530615,0.44732123363341375,0.040402967487802297,0.7460384350270033,0.378165515139699,0.3039552266370491,0.10397972334901512,0.958912642672658,0.36561936140060425,0.4133062434783614,0.05578274531041208
84,0.5803344119340181,0.3918683994561434,0.10455388767589142,0.0252042406365873,0.7602688390761614,0.3681066259741783,0.3764025127954412,0.01131038782422663,0.6802163645625114,0.4159232322126627,0.30992699436301174,0.027802438509044108,0.6242377124726772,0.40673247538506985,0.12337328408165137,0.022293696712510407,0.7465596869587898,0.42374677024781704,0.35012303007152473,0.009510502079869795,0.7535021007061005,0.4523187503218651,0.34122745256789455,0.06426926637304323,1.1194387823343277,0.4163508117198944,0.550973524433062,0.02367241362653979
85,0.7641587127000093,0.40372799150645733,0.25523666252279065,0.023810724416935807,0.9921105578541756,0.3756094165146351,0.5414464169994364,0.02016118485270227,0.8553621545433998,0.47400595620274544,0.4566749698677105,0.028339551398485586,0.824130093678832,0.4342277068644762,0.3086907356099554,0.026941852920944295,0.8492072485387325,0.447463383898139,0.43024496611863466,0.05553323444916004,0.9441729262471199,0.49601035192608833,0.49543217895339103,0.07682213581911385,1.3061570562422276,0.47724622301757336,0.7261015853125331,0.02752785929931558
86,1.0109668038785458,0.6155244540423155,0.3788077800424402,0.03861721983974027,1.2277184054255486,0.5951925180852413,0.6362518424539836,0.042668481504426634,1.0613301396369934,0.6505005434155464,0.5298873691406029,0.06980870949981159,1.020496403798461,0.6110729649662971,0.397036936937922,0.10788078903158949,0.9861640818417072,0.5791617184877396,0.48081942505567327,0.05405485594824801,1.1418257374316454,0.6853665597736835,0.5745714465488908,0.11540743300016407,1.5614309906959534,0.6195365451276302,0.8367444112931556,0.021614303168523346
87,1.0005279444158077,0.8927534334361553,0.3680206829963118,0.09883929452977508,1.1950148455798626,0.8908763155341148,0.6076809284366582,0.09253518818968487,1.0048204194754362,0.8292038552463055,0.5285243154984551,0.19454953858164492,1.0142880957573652,0.7234715484082699,0.4158874891147778,0.24566947693033983,0.9885717555880547,0.6473693531006575,0.5219758687934838,0.10850347054597427,1.1317513696849346,0.702413022518158,0.5488958065323892,0.18211968461076786,1.4976788498461246,0.6089295726269484,0.7664632516909307,0.01161241264140529
88,0.9724861849099398,0.7918941229581833,0.3476148192679806,0.09667866558421799,1.162330862134695,0.8127688430249691,0.5951052776180024,0.07553353507235777,0.9711122419685125,0.8252952620387077,0.546970688492125,0.07892616072263661,1.0025687329471111,0.7417255453765392,0.43174700365985863,0.17684549217292111,0.984716871753335,0.7160684652626514,0.5776187733203818,0.09475980138362615,1.0692967008799314,0.7826318591833115,0.4725047643947643,0.17423178517160184,1.4943009614944458,0.707891508936882,0.7948101657577,0.05452568445966417
89,0.8294150326400995,0.579579072073102,0.281871701689191,0.03907292182073621,1.0640802420675755,0.6030299421399832,0.5684134514574652,0.040071221068308654,0.8777638431638479,0.6868159584701061,0.5079461701782991,0.03566034681576932,0.9838051442056894,0.6620839331299067,0.4357970077656357,0.0936331741193315,0.975930942222476,0.6782257463783026,0.6625337304460424,0.07878857365265515,1.0770349577069283,0.842469334602356,0.5056685316985101,0.20016580558169464,1.5854575484991074,0.7612472027540207,0.9053704640502451,0.052488808279753135
90,0.8083650749176741,0.796073954552412,0.25171592263525483,0.03717471747780478,0.9925032407045364,0.7875275798141956,0.5274663825662368,0.04357329203492756,0.8891752082854509,0.8491937816143036,0.48940148609381595,0.09405325203238332,0.9606491308659315,0.7855768129229546,0.3775807753446813,0.12463344314892254,0.9828305058181286,0.7670809514820576,0.6707165357127237,0.07066164895988951,1.058888453990221,0.9244697727262974,0.44174489250295107,0.17513150273676878,1.6413547098636627,0.8504359237849712,0.9300682610763076,0.04777907266470385
91,0.6988164130598307,0.4588148184120655,0.16465941248148666,0.024115244287423662,0.8373009599745274,0.4611854627728462,0.44250581056410765,0.032232430082182476,0.7739395275712013,0.5232095532119274,0.39675347954505213,0.034018143173420015,0.7993441168218851,0.5110486876219511,0.2976066455007824,0.052592138078542766,0.8637203089892864,0.5256546661257744,0.5676112804226087,0.05697144407870666,0.7996075041592121,0.6637175381183624,0.29047977234593614,0.16875840448133547,1.2837025616317987,0.5905737169086933,0.7193424844244021,0.039588072826504006
92,0.5713263247162104,0.4539076052606106,0.10382324683348722,0.03332464945712304,0.7714108657091856,0.4355613421648741,0.37436079053348037,0.022331592276995448,0.7152044214308262,0.5358236562460661,0.3668222815843458,0.0374242770503677,0.8153279032558203,0.5245452281087637,0.31608319658333156,0.01522990816990856,0.8739481214433908,0.5835019517689943,0.6025719634537402,0.048830404938272634,0.8308486361056566,0.76079111546278,0.2965205405703093,0.1621268898129583,1.3283214624971151,0.68734185770154,0.7257370282930277,0.04871529081802702
93,0.4371964558959007,0.3059273911640048,0.07421253836271474,0.0401014785719659,0.5939992517232895,0.283902776427567,0.29704323430085267,0.026242043864502258,0.5723974062129855,0.3479298949241638,0.2579965354856273,0.02884491273848569,0.6438466347754002,0.33871146850287914,0.25520310568681437,0.00749533681754262,0.7374545838683844,0.39823939092457294,0.5609280989428193,0.05932341863238608,0.6711317878216505,0.584211815148592,0.25295156217906833,0.22502139656339992,1.2479719799011946,0.470461817458272,0.7790727895811699,0.035734166597136574
94,0.4631048534065485,0.306408959440887,0.12936496759868388,0.034266746719845496,0.5540141183882952,0.28364856727421284,0.2659343863833409,0.03418072158965496,0.5406736303120852,0.3261698689311743,0.2149358720808339,0.04455691102357184,0.5744410213083029,0.30751630663871765,0.20135739353828622,0.01052661778136541,0.6939932052046061,0.37081493996083736,0.5093771504774858,0.04954954855191844,0.6412514019757509,0.552763044834137,0.23412122170748761,0.23463577124692636,1.2507552094757557,0.43880658224225044,0.7689894580794109,0.030687226209605213
95,0.40552692487835884,0.2259131707251072,0.1672946106489331,0.022177292072405118,0.45735263265669346,0.2302763145416975,0.21360133016582972,0.015602925742581026,0.43846202082931995,0.26030770502984524,0.1666833227551057,0.021160617964895538,0.42447473388165236,0.257793590426445,0.17172946048818458,0.022010978715051553,0.5850752955302596,0.28941682539880276,0.46086605881206993,0.03280621945795163,0.5913569778203964,0.4218286881223321,0.27750965676159833,0.20582417747076143,1.0403977893292904,0.3293949877843261,0.6883615960325598,0.03104792364905712
96,0.47816107980906963,0.27230875566601753,0.17291411106040558,0.020752682975799595,0.5129181034862995,0.2981635229662061,0.19451954946360717,0.01955469378147303,0.5070207361131907,0.32156563363969326,0.13792348247793185,0.02635708317608666,0.4450471606105566,0.33038181252777576,0.1353708640979342,0.017716317100782593,0.5758724780753255,0.33534105867147446,0.40509675598694295,0.042308184670758905,0.6335674785077572,0.478678522631526,0.2819888043222956,0.1830242605092586,1.0385768581181765,0.3909394424408674,0.636812935778738,0.040070782673857434
97,0.5298116710036993,0.314145777374506,0.20014390798463916,0.022197787782194875,0.602424880489707,0.3734005894511938,0.22618788703210338,0.08576778424881179,0.5632536113262177,0.3775982605293393,0.18768332375444446,0.07275134574598936,0.6971359811723232,0.4171727690845728,0.35058060047799267,0.09324777815876213,0.5813411623239517,0.37783092353492975,0.40121568230722543,0.09780271259434839,0.6522272154688835,0.5361509416252375,0.3524022435028174,0.2248596352005666,1.038749823346734,0.4480730276554823,0.646237525404759,0.13219039634427115
98,0.6006946275010705,0.2836455823853612,0.41236536573251464,0.061662892599977634,0.7242536079138517,0.3138210391625762,0.44902511993778516,0.09975014819149802,0.6106368685141206,0.3194379108026624,0.4233214259074184,0.09723589725615599,0.6909110257402062,0.36798155400902033,0.4419245210638684,0.1630680203017755,0.7117529585957527,0.32366163097321987,0.5790413834282487,0.10391371945177764,0.6031067250296474,0.4585893265902996,0.3994270773775094,0.2623812377847631,1.0445578629150987,0.36100600846111774,0.7710611378862127,0.12287766641959455
99,0.8314891438931227,0.4026606632396579,0.4927832883786937,0.08890671680244018,0.8624113537371159,0.4288636054843664,0.48841581838778514,0.13778277571521397,0.7653859350830317,0.4323771223425865,0.5226328101298829,0.14692582630015436,0.9165567718446255,0.5001311749219894,0.5575408794181684,0.2405070670844528,0.8548897504806519,0.45337467920035124,0.5676765024391272,0.15509099264147935,0.7444684207439423,0.5798067804425955,0.5555716395544521,0.368312615166548,1.267444472759962,0.4375438578426838,0.9117836295314202,0.16289889482207096
100,1.2151204235851765,0.6495694722980261,0.7645875140677483,0.1542176069108731,1.12733731046319,0.7165777683258057,0.6535889583730716,0.21304780214186206,0.8122223149985075,0.68670354783535,0.2924212715012634,0.24091875673162905,1.1518919374793768,0.7430523913353682,0.6745685413109372,0.3268234253442519,1.0095688980072737,0.7031427044421434,0.5743506989664875,0.2509998013035961,1.07571373693645,0.9085142612457275,0.8286582096063545,0.5677740723858329,1.5050241257995367,0.6483124569058418,1.0520305748052352,0.2004756627611098
101,1.4950754772871733,0.9009502083063126,0.9158313564688912,0.23179573391823777,1.4681059494614601,0.9808838367462158,0.9512439309993315,0.3107852920802951,1.0815927013754845,0.9541053883731365,0.4021143162456945,0.351327765978969,1.574440523982048,1.0164195485413074,0.9670356484434754,0.4547745062865711,1.3056921027600765,0.9445170778781176,0.697199908786512,0.34399423614140995,1.6823222488164902,1.2397428415715694,1.22545061409873,0.7190096178740469,2.167421393096447,0.950402021408081,1.6134202267479751,0.3595326793651603
102,2.106243586167693,0.7872072979807854,1.487493222374224,0.13284466956318186,1.878497190773487,0.8786492794752121,1.3532771331702071,0.19829442210570067,1.5216029528528452,0.8737330604344606,0.9507327085258975,0.26735467246056727,1.7249924317002296,0.9496785141527653,1.0545458352820833,0.37575835053884904,1.6927715297788382,0.8046635054051876,1.366881139159447,0.21839747360317502,2.406021934002638,1.2200501095503569,1.8889141047275433,0.8363121996355174,2.117556156590581,1.1214619595557451,1.4999503981315065,0.8232521198707687
103,2.6141348481178284,0.8432211726903915,1.7762998892954767,0.18488776263380816,2.93583694845438,0.9087996371090412,2.179889533256232,0.19701691718315378,2.0124777406454086,0.9034820832312107,1.220293669264796,0.257898687708985,2.4271566420793533,0.9988089464604855,1.5825993953970328,0.3662064947742165,2.2343835048377514,0.8187962602823973,1.5236431548825415,0.20267217741178292,3.6432515271008015,1.3273159600794315,3.031136966720563,0.9665052259248369,2.6499892212450504,1.3085125014185905,1.8913181162246713,1.0354611649103753
104,2.7911796048283577,0.8913236763328314,1.8940946527677212,0.37205670307709815,2.8051186725497246,0.8223573863506317,1.9778944399551954,0.2171534155815868,2.339684721082449,0.8167703542858362,1.5218007571071368,0.2275185768278642,2.5240359269082546,0.9288709424436092,1.618547650267004,0.36507538369876363,2.256494015455246,0.7870179042220116,1.546720337297354,0.23522424672325265,3.580813743174076,1.143078850582242,2.9839958343494417,0.7645030022624593,2.6687338575720787,1.1314255464822054,1.9059844723802966,0.8217251770110776
105,3.228817041963339,0.8476161025464535,2.4122183643795774,0.4518604964898679,3.0727765150368214,0.6941771414130926,2.28169671348662,0.19515948726795257,2.7599763311445713,0.7185416389256716,1.932970103523477,0.1969398591604774,3.204703461378813,0.7704226020723581,2.2550966050434313,0.27506515573946405,2.709560561925173,0.7395481504499912,2.0600684982965305,0.2356172731182901,3.6886327899992466,1.1976209003478289,3.121898119574303,0.97506816667901,3.0949263088405132,1.2356279976665974,2.356080379837801,0.9658873801696349
106,2.733611399307847,1.0976778529584408,2.0157050668330863,0.7475094829487019,2.230143705382943,0.7836688216775656,1.440837302379891,0.19782394225316097,2.9337036050856113,0.7618085201829672,1.8554599601703747,0.14770589790913122,3.1074642948806286,0.8051090128719807,1.8604037223308145,0.2566206715815193,2.6991399750113487,0.8275857288390398,1.3870647129390203,0.22898499255815385,3.684330228716135,1.183699257671833,2.29817414000111,0.7528742510147988,3.5225337743759155,1.3494105264544487,1.8437197243039072,0.8731441746355456
107,3.138247048482299,1.28927918151021,1.9748380557032905,1.4138778030826393,2.1780165657401085,0.5335697438567877,1.2004248132049768,0.08919928350989226,3.207552842795849,0.61965043656528,2.248649136346636,0.08744684265684687,2.9805871937423944,0.6254907883703709,1.497462320162074,0.11425944380931523,2.884424077346921,0.8710291236639023,1.629420848853279,0.43475076770405874,3.7347408570349216,1.205418836325407,1.9523064699887138,0.8366268449207284,4.127905182540417,1.574277076870203,2.1197751980920128,1.1059038763787794
108,2.278757533058524,1.1679947841912508,1.3435419119613607,1.1974469491840838,1.2036216538399458,0.5472811590880156,0.3982793921238767,0.16944716007129587,2.50177551060915,0.6177488062530756,1.7476121534544,0.15350752864507033,2.076756628230214,0.6937016453593969,0.9304271534970787,0.26270983821273236,2.137699443846941,0.9365007653832436,1.125780698973891,0.6720945811983324,3.166290707886219,1.0489213839173317,1.5797211840652836,0.6854287531252544,3.5936586000025272,1.5808057971298695,1.6881736925779487,1.015053297406149
109,2.2854694724082947,1.2560713663697243,0.9875860009402246,0.9792971931375117,1.8379880487918854,0.8262982871383429,0.6930558030733316,0.36495965115409346,2.6232141628861427,0.8584601525217295,1.4486788337049807,0.41866214700827087,2.236221507191658,0.8702243492007256,0.929495316097374,0.35773305943625244,2.153196055442095,1.2241433560848236,0.918965243536557,0.9730082758094112,3.167052958160639,1.2454549875110388,1.3636439330949754,0.7384447936916507,3.560185991227627,1.6776755265891552,1.378141190944639,1.2685893964184636
110,1.9371210969984531,1.0599546413868666,0.7091280030533054,0.5187339945972509,2.164915595203638,0.959639735519886,1.0168425546100344,0.3681686241721368,2.419421635568142,1.1026688292622566,1.1222682368839154,0.49987025013260666,2.2465276159346104,1.1191289871931076,1.0309331806426172,0.5293649514718595,2.1892842277884483,1.2328475806862116,0.9822464950306982,0.7888031157006038,2.6951553486287594,1.197528773918748,1.166718636964979,0.5845786978222135,3.0259010195732117,1.6880885511636734,1.4064274408247006,1.0969413486597719
111,1.8653180543333292,1.5603657253086567,1.0981807196427684,1.0443122494778772,2.9246166720986366,1.6740884445607662,2.09670554989551,1.1640862445198914,2.3949923552572727,1.6157381795346737,1.6057819515614074,1.0715515760015333,2.5851069390773773,1.791078820824623,1.9574022392873867,1.4023865708753849,2.066855998709798,1.6145812813192606,1.4805399345893728,1.0930857727800865,1.9453234784305096,1.8764068465679884,1.1417378643345426,1.4226911503505164,2.9072583466768265,1.7816026136279106,2.0398719697648495,1.1425451333849597
112,1.6550895012915134,1.2458153534680605,1.1721440807998014,0.700946438882766,2.4720716197043657,1.3508549518883228,1.8297221286294305,0.90656714864726,1.7044128198176622,1.7072325479239225,1.0754966549293323,1.1970216061548986,2.1892594546079636,1.8371086474508047,1.719157074895251,1.6294152450192305,1.445164242759347,1.3403630256652832,1.0412326940878684,0.9100919688281959,1.7318828031420708,1.4664208889007568,1.2116055200786082,0.981887051132299,2.0418512914329767,1.3110288046300411,1.720016877013098,0.9011084407526566
113,2.003209050744772,1.1573598254472017,1.3707432185760284,0.7699817977765973,2.618100354447961,1.3831196259707212,1.934815599440196,0.9464594180889105,1.9511776231229305,1.5591283421963453,1.31785470225671,1.0272181857865008,2.219514138996601,1.9570594280958176,1.5545662481565898,2.122570728877027,1.4350293762981892,1.0932763293385506,0.9415075764435152,0.5635584057272248,2.018498480319977,1.4205052517354488,1.4276166000739368,0.9523550929648704,1.7771007027477026,1.2923864647746086,1.3435399092971205,0.8790556164896632
114,2.1167354099452496,1.2452358286827803,1.7222246965542802,1.0466374925477508,2.624159771949053,1.3994857389479876,2.217367287408987,1.0456997730186752,2.103898860514164,1.6447619535028934,1.6168495907161062,1.335128131761842,2.3893231246620417,1.7644399590790272,1.9105207316196542,1.9337744557468435,1.399924959987402,1.1426790710538626,1.0165247217799458,0.7956821777764578,2.398040248081088,1.5216537844389677,1.97452876119449,1.1238412343689603,1.5664793271571398,1.4950917102396488,1.1004077004549546,1.297053369307738
115,1.5392158273607492,0.8717995695769787,1.1076497945485073,0.43810061864018623,1.6651260014623404,0.8423942979425192,1.4132172742508586,0.4278821369772481,1.3657135795801878,1.1589407082647085,0.9288866140093109,0.7660949681306817,1.5412121638655663,1.1009080987423658,1.0825812209271195,0.8599079578760981,1.081496523693204,0.9374931268393993,0.6364959496375217,0.5188581279255228,1.8993344716727734,1.1500628106296062,1.4342935448725225,0.9228160856294426,1.4025930687785149,1.040032645687461,0.9969522590750066,0.8848890534215288
116,1.1753019038587809,0.6834607571363449,0.721715794368772,0.23971711151535935,1.1675451137125492,0.7165022753179073,0.807279820901101,0.27882644617857766,1.0230281855911016,0.8683510404080153,0.524717524525817,0.4485358315755505,1.131102740764618,0.8364803530275822,0.6273776270632863,0.5089255066870623,1.2078501749783754,0.7379499915987253,0.7285338529080544,0.2996194734873535,1.4655297622084618,0.9060876909643412,0.9405957130835307,0.601068590408669,1.5828499104827642,0.8211994636803865,1.1925654956144163,0.5229829299094345
117,0.8002698142081499,0.48734813928604126,0.29107546852795607,0.058329195607043666,0.8801726251840591,0.5339478608220816,0.3316431590451361,0.12444704603506504,0.7659591548144817,0.5674394313246012,0.2497777939802087,0.12897981474975342,0.7713574171066284,0.5851776804775,0.19117262420122744,0.18374990355124105,1.019905311986804,0.5994940456002951,0.5722863647909011,0.12478073291517013,1.057271407917142,0.7149971928447485,0.44326914510590365,0.3373383412395027,1.7030774988234043,0.6378521211445332,1.2194914353221893,0.14049303808388872
118,0.7573259994387627,0.5464775767177343,0.13705124739863356,0.051939603774503726,0.7626858353614807,0.5347274243831635,0.17856718286630507,0.06062620189121583,0.7796568144112825,0.5654990579932928,0.2005686051307124,0.05442081131150814,0.877391342073679,0.5905855447053909,0.23072442547288324,0.049431457656710934,0.9202080871909857,0.575630459934473,0.44641738416375676,0.0732637957038133,0.888540567830205,0.7055984903126955,0.3038380782352361,0.23128402475116328,1.6555156745016575,0.5861663538962603,1.247366638386582,0.036211201202557705
119,0.4502374120056629,0.30724070500582457,0.13773088484071297,0.03800574661143364,0.5015488434582949,0.29912729747593403,0.2090540869467638,0.005436235354079414,0.4804637096822262,0.33206090331077576,0.16458376282711965,0.01097641130824544,0.6057160720229149,0.3312381310388446,0.23834653760111943,0.0311554042479551,0.7124394923448563,0.3722363477572799,0.48855418658631034,0.06986633266273257,0.6954380869865417,0.5042873974889517,0.28982948185011714,0.21166232444223948,1.4556784462183714,0.41783828288316727,1.3133826025189277,0.02304204428780733
120,0.40807463228702545,0.289988094009459,0.1597900013631197,0.016942311353725096,0.4859627829864621,0.293323309160769,0.1797258686326492,0.012423678091513086,0.5004140455275774,0.31996481120586395,0.13020379497884352,0.023099560400118218,0.5458460468798876,0.3213574877008796,0.21769158718030251,0.02750839058620941,0.676116943359375,0.38266003131866455,0.4530757096575463,0.0630463349349935,0.6502253282815218,0.5250544659793377,0.25864727081644706,0.23189203221107277,1.6358879953622818,0.4129949491471052,1.5272911692478597,0.028600926050201668
121,0.41960972361266613,0.29407362919300795,0.06011110806251524,0.02587893210286297,0.579376807436347,0.28417688328772783,0.2532596978291115,0.003935609153305595,0.5727043747901917,0.3184800548478961,0.1788600214762318,0.031314403391986226,0.6169872730970383,0.3135366551578045,0.19062198149697068,0.007071908044348898,0.744928577914834,0.3878802992403507,0.4557366389378177,0.05080942597685964,0.6754180509597063,0.5297037679702044,0.18879729647988053,0.21293152417269662,1.883870419114828,0.4275997541844845,1.81075078428213,0.032432443917683726
122,0.6391624547541142,0.4492038581520319,0.10744572025673292,0.05125322574592822,0.8127155900001526,0.44938867911696434,0.3491215697533317,0.02760494474970863,0.7522883918136358,0.46787421219050884,0.2812980063901429,0.10135817996822129,0.8077407628297806,0.41099172085523605,0.27111938579098427,0.041240484743552935,0.8740135282278061,0.48023964278399944,0.45767960123185314,0.05488909234089083,0.9108100738376379,0.610981211066246,0.38679883075251914,0.22154378361516164,2.2724120505154133,0.5027280561625957,2.2555960069356105,0.05029291555635153
123,1.1544469185173512,0.7423217408359051,0.1753966360991305,0.057491854588205396,1.3708353228867054,0.788440890610218,0.4346146789422056,0.0668949939557383,1.2487499043345451,0.8774932846426964,0.39784303631735235,0.11197577494596253,1.347013469785452,0.7687146868556738,0.34561714553939304,0.09819696197028634,1.27053027972579,0.896646361798048,0.40586171563272455,0.09302034202502898,1.5297148562967777,0.9847853891551495,0.6423814193539412,0.13200990251287262,3.052631989121437,0.9516181983053684,2.615316241608567,0.07962856746320851
